l,/,1,0,0
k,g,/,1,0,0
k,g,/,h
s,f,c
49.777676291328355,42.11191414246379,2.8865468800533836,0.5721580731727822
49.716578520365566,42.060225428229266,3.5699875766517173,0.5712909788865294
49.59497643941387,41.95735006774413,4.246559106824561,0.5696943576612208
49.420194833144826,41.809484828840525,4.914481721879921,0.5674533732366706
49.197241436034204,41.62086625488494,5.572118097704214,0.5646267046995533
48.928898458065554,41.39384809552346,6.217824880739291,0.5612476147356462
48.79521748280022,41.280753990448986,6.8750891802391685,0.5593816941173996
48.707804888338266,41.20680293553417,7.535817474812921,0.5580139218084567
45.37220354742609,38.38488420112247,7.646703745036868,0.519428108496988
45.515858696999906,38.50641645766192,8.29985248269473,0.5206682395352167
45.638688562287214,38.610330523694984,8.952886003387349,0.5216365404520161
45.74104488624301,38.696923973761585,9.605014877151559,0.5223375323300632
42.39244909914845,35.86401193787959,9.487632881140641,0.48363512074312986
42.8078094547289,36.21540679870065,10.17211082652829,0.4878771131522229
43.207409534302876,36.553468466020234,10.8641048945598,0.4919011201423929
43.591373252172005,36.87830177133751,11.562994628110477,0.49570852049267544
43.959660591911394,37.189872860757035,12.268120669787073,0.49929890383514886
38.56710939377852,32.62777454713663,11.29610514562287,0.4375000547660163
39.06814161816288,33.0516478089658,11.982698451253965,0.44260152305073464
39.555607338198755,33.464043808116145,12.678789801173657,0.4475090545997915
40.028362402144786,33.86399459221449,13.383434263768137,0.452209632049599
40.48515613086339,34.25044208671042,14.095586578567675,0.4566891840361959
40.92461021716193,34.62222024371899,14.8140861581514,0.46093236352600586
41.345195950742216,34.978035774327914,15.53763971139762,0.46492231040215476
35.51575821284578,30.04633144806753,13.837677531826676,0.3987072812339628
36.003597708989155,30.459043661804824,14.525247651546442,0.40348919321745474
36.4806769313286,30.862652683903995,15.221809906347545,0.408109912611912
36.85535698122207,31.179632006113874,15.787287005762323,0.41169640139340197
0,0,0,0
0,0,0,0
0,0,0,0
0,0,0,0
0,0,0,0
0,0,0,0
0,0,0,0
0,0,0,0
0,0,0,0
0,0,0,0
0,0,0,0
0,0,0,0
0,0,0,0
0,0,0,0
0,0,0,0
0,0,0,0
0,0,0,0
0,0,0,0
0,0,0,0
0,0,0,0
20.4389711098831,17.2913695589611,7.691457348263807,0.9767680704689592
20.51533100661054,17.355970031592516,7.761975486351095,0.9794104869612971
20.591834596502576,17.420692068641177,7.832859322714958,0.9820488973654072
20.668482649303645,17.48553632131088,7.9041100296888605,0.9846833069545534
20.745275935674282,17.550503441580442,7.975728786229332,0.9873137211564709
20.82221522717298,17.61559408218834,8.047716777918263,0.9899401455514044
20.89930129623797,17.68080889661732,8.120075196964986,0.9925625858701439
20.976534916169328,17.74614853907925,8.19280524220825,0.9951810479920764
21.053916861110864,17.81161366449979,8.265908119117858,0.9977955379432232
21.131447906032232,17.877204928503268,8.339385039796241,1.000406061894296
21.20912882671107,17.942922987397562,8.41323722297974,1.0030126261587442
21.286960399715003,18.008768498158894,8.487465894039692,1.0056152371908051
21.364943402384007,18.074742118416868,8.562072284983392,1.0082139015835698
21.443078612812396,18.140844506439286,8.637057634454697,1.010808626067027
21.521366809831246,18.207076321117235,8.71242318773461,1.013399417506138
21.59980877299047,18.273438221949938,8.788170196741472,1.015986282898888
21.67840528254112,18.33993086902979,8.864299920031055,1.0185692293743542
21.75715711941774,18.406554923027407,8.940813622796451,1.0211482641907803
21.83606506522045,18.473311045176498,9.017712576867629,1.0237233947336328
21.915129902197386,18.540199897258987,9.094998060710926,1.0262946285136845
21.994352413226785,18.607222141589858,9.172671359428175,1.028861973165078
22.073733381799354,18.674378441002254,9.250733764755733,1.0314254364434097
22.15327359200044,18.74166945883237,9.329186575063213,1.0339850262238037
22.232973828492263,18.809095858904453,9.40803109535201,1.0365407504989923
22.312834876495998,18.876658305515615,9.487268637253575,1.0390926173773969
22.39285752177408,18.94435746342087,9.566900519027527,1.0416406350812157
22.473042550612213,19.01219399781793,9.646928065559456,1.0441848119445074
22.553390749801355,19.080168574331946,9.727352608358476,1.046725156411275
22.63390290661999,19.148281859000512,9.808175485554692,1.049261677033566
22.714579808815873,19.21653451825823,9.889398041896209,1.0517943824695557
22.795422244588085,19.28492721892152,9.971021628746074,1.0543232814816472
22.876431002568836,19.353460628173234,10.05304760407886,1.0568483829345627
22.957606871805265,19.422135413547252,10.13547733247705,1.0593696957934429
23.297519743374195,19.70970170289457,10.332993614980449,1.0738049258581948
23.382657347487413,19.78172811597435,10.418376807746473,1.076471676545865
23.46797420997922,19.853906181642422,10.50418702980598,1.0791346939238993
23.553471147960362,19.926236591174465,10.590425743827893,1.0817939860158967
23.639148978868324,19.998720036122602,10.677094419285435,1.0844495609419258
23.725008520445822,20.071357208297165,10.764194532449718,1.0871014269165447
23.811050590718885,20.144148799748177,10.85172756638284,1.089749592246803
23.897276007975208,20.217095502747025,10.939695010930867,1.0923940653302673
23.983685590742226,20.290198009767924,11.028098362716431,1.0950348546530402
24.070280157765048,20.36345701346923,11.116939125130957,1.0976719687877765
24.157060527984562,20.43687320667494,11.206218808326735,1.1003054163917199
24.244027520515065,20.510447282355745,11.295938929208491,1.1029352062047206
24.331181954622078,20.584179933610276,11.386101011424772,1.1055613470472723
24.418524649700064,20.658071853646252,11.476706585359004,1.1081838478185493
24.50605642524974,20.732123735761277,11.567757188120112,1.1108027174944388
24.593778100855562,20.806336273323804,11.659254363532906,1.113417965125581
24.681690496162943,20.88071015975385,11.75119966212811,1.1160295998354137
24.769794430855487,20.955246088503742,11.843594641132087,1.118637630818221
24.858090724631875,21.029944753038567,11.93644086445612,1.1212420673371757
24.946580197182783,21.104806846816633,12.029739902685453,1.1238429187223948
25.035263668167552,21.179833063269747,12.123493333067897,1.12644019436899
25.035263668167598,21.179833063269786,12.123493333067945,1.1264401943689908
0,0,0,0
0,0,0,0
0,0,0,0
0,0,0,0
25.646410213867465,21.696863040931873,2.686278281258232,0.6246023822843928
25.702831037808107,21.74459505798566,2.842329211150982,0.6257082306619317
25.76084584481927,21.7936755847171,2.999224878087258,0.6268373510942155
25.820445938137052,21.844097263663944,3.1569921521533364,0.6279894218682419
25.88162297860945,21.895853039903592,3.315657746042543,0.629164127362749
25.944368925486195,21.94893611096132,3.4752482175688746,0.6303611566684051
26.008675991972584,22.003339889208807,3.6357899721692633,0.6315802025688998
25.344317412441242,21.441292530925292,3.69096535710928,0.6150987660613236
25.47122756650728,21.54865852126516,3.858236001902712,0.6178146525179942
25.597784736915788,21.655725887430755,4.02693379001986,0.620504418296405
25.724024884083022,21.762525051934237,4.1970584028730284,0.6231687957673695
25.849982558956473,21.869085244877176,4.3686101239171276,0.6258084848774745
25.975690924037835,21.97543452173601,4.541589801158772,0.6284241535987115
26.101181774136023,22.081599780919074,4.715998810353428,0.6310164383809151
26.226485556240373,22.187606780579355,4.8918390187658245,0.6335859445920449
26.351631388030018,22.293480154273393,5.069112749364542,0.6361332469344708
26.47664707462411,22.399243425131996,5.247822745316634,0.63865888982764
25.426007685797668,21.510402502184828,5.1881042225507645,0.6128296897650003
25.58953112767283,21.648743334011215,5.370950131914206,0.6162683779871454
25.753069120492537,21.787096475936686,5.555709601363849,0.6196875746030951
25.916639943553797,21.92547739224651,5.742386936064557,0.6230875324668278
26.080261576649765,22.0639012938457,5.930986800178993,0.6264684990292687
26.243951690292015,22.202383129987044,6.121514205839278,0.6298307160700969
26.40772763650388,22.34093758048228,6.313974501912486,0.6331744194465848
26.57160644003675,22.479579048271088,6.508373362547051,0.6364998388559475
26.735604789875676,22.618321652234822,6.7047167754838854,0.6398071976080265
26.899739030911533,22.757179220151155,6.903011030112508,0.6430967124054181
27.064025155666886,22.896165281694184,7.103262705249402,0.6463685931284087
27.228478795969778,23.03529306139043,7.305478656612386,0.6496230426222583
27.39311521447606,23.174575471446747,7.509666003961662,0.6528602564845557
26.67114858506944,22.563791702968743,7.467540587411076,0.6349680904658236
26.888783082723922,22.747910487984438,7.685544043440447,0.639445220524315
27.10670490248372,22.932272347501225,7.90617389504327,0.643904728444285
27.324927069855207,23.116888301097504,8.129439052552613,0.6483466793318398
27.543462670705026,23.301769419416452,8.355348748962173,0.6527711418136761
27.762324829143537,23.486926805455433,8.583912534850963,0.6571781874779653
27.98152668599997,23.672371576355975,8.815140272719212,0.6615678903320755
28.201081377806556,23.858114845624346,9.049042130733222,0.6659403262753131
28.421002016210426,24.04416770571402,9.285628575873353,0.6702955725848776
28.641301667736897,24.230541210905415,9.52491036647733,0.6746337074133759
28.86199333382905,24.417246360419377,9.766898544167738,0.6789548092962594
29.08308993109217,24.604294081703976,10.011604425150486,0.6832589566676542
29.083089931092193,24.604294081703994,10.011604425150505,0.6832589566676546
0,0,0,0
0,0,0,0
0,0,0,0
0,0,0,0
0,0,0,0
0,0,0,0
0,0,0,0
0,0,0,0
0,0,0,0
0,0,0,0
0,0,0,0
0,0,0,0
0,0,0,0
0,0,0,0
0,0,0,0
0,0,0,0
0,0,0,0
0,0,0,0
0,0,0,0
0,0,0,0
0,0,0,0
21.60544800952176,18.278209016055406,3.4728597130505277,0.6758838685518577
21.68396782036723,18.344636776030676,3.5772041713259823,0.6779312921071466
21.763061960035795,18.41155041819028,3.682310083638057,0.6799835533498582
21.842740260544893,18.478958260420978,3.7881864433863015,0.6820408540410834
21.92301260768225,18.546868666099183,3.8948424198808294,0.6841033966427774
22.003888946963727,18.615290049131314,4.002287360563233,0.6861713844697144
22.08537928968294,18.684230879071766,4.110530793395791,0.6882450218435178
22.16749371904623,18.753699686313112,4.219582429420452,0.6903245142485088
22.250242396389286,18.823705067345337,4.329452165489429,0.6924100684891973
21.43079371357863,18.13045148168752,4.26065609819657,0.6664265096641794
21.537758718764444,18.22094387607472,4.373026530257936,0.6692576833719257
21.644839633651568,18.311534330069225,4.486325910866963,0.6720778223826354
21.75204251006025,18.40222796351097,4.600556990877745,0.6748870079482888
21.859373327757552,18.49302983528289,4.71572260799714,0.6776853198602057
21.966837994170856,18.583944943068545,4.831825685197826,0.6804728364333985
22.07444234413624,18.67497822313926,4.948869229131908,0.6832496344924243
22.182192139672217,18.766134550162697,5.066856328543932,0.6860157893584321
22.290093069770375,18.857418737025736,5.185790152682082,0.6887713748371442
22.39815075019493,18.94883553466491,5.305673949706179,0.6915164632075249
22.506370723283933,19.040389631898208,5.426511045090994,0.6942511252109083
22.614758457744898,19.132085655252183,5.548304840023139,0.6969754300403672
22.723319348438917,19.223928168779324,5.671058809789907,0.6996894453301407
22.83205871614637,19.31592167385983,5.794776502157955,0.7023932371449101
22.940981807309058,19.40807060898346,5.919461535739962,0.7050868699687726
23.05009379374257,19.50037934950621,6.045117598346932,0.7077704066937229
23.159399772313737,19.592852207377423,6.171748445323894,0.7104439086074958
23.268904764577737,19.685493430832764,6.299357897866493,0.7131074353806096
22.879227397465208,19.355826378255564,6.2906435729330665,0.7004718034472727
23.010370312163076,19.46677328408996,6.424035183749695,0.7037800701255925
23.14182635638338,19.57798509750034,6.558625007662614,0.7070804527498153
0,0,0,0
0,0,0,0
0,0,0,0
0,0,0,0
0,0,0,0
0,0,0,0
0,0,0,0
0,0,0,0
0,0,0,0
0,0,0,0
0,0,0,0
0,0,0,0
0,0,0,0
0,0,0,0
0,0,0,0
0,0,0,0
0,0,0,0
0,0,0,0
0,0,0,0
0,0,0,0
23.03883602748584,19.49085527925302,2.5825383245010247,0.6081246918466878
23.072192587965063,19.51907492941844,2.7082716464568084,0.6087323150524638
23.107828778961792,19.549223147001676,2.834637356315243,0.609386936731791
23.14572797095031,19.58128586342396,2.9616694868428737,0.6100880120313354
23.19300228989551,19.6212799372516,3.090351590117126,0.6110227994269737
23.28540780281096,19.69945500117807,3.225785756442908,0.6131323839216556
24.208960452964227,20.480780543207736,3.481732692345314,0.6371001212468161
24.27529931589644,20.536903221248387,3.6196291927450264,0.6384817277115619
24.342866441784082,20.594065009749333,3.758416864279251,0.6398808844178386
24.411656926899138,20.65226176015667,3.8981144072295697,0.6412973451937098
24.481665956614616,20.711489399295964,4.03874043286271,0.6427308646641886
24.55288879935517,20.771743924254473,4.1803134647562095,0.6441811981404713
24.62532080151825,20.833021398084437,4.322851940102518,0.6456481015348151
24.69895738316681,20.89531794615912,4.466374210991509,0.6471313312957768
24.773794034340757,20.95862975305228,4.610898545671497,0.6486306443597407
24.84982631186834,21.022953059840617,4.756443129788935,0.6501457981155755
24.84982631186834,21.022953059840617,4.756443129788939,0.6501457981155754
0,0,0,0
0,0,0,0
0,0,0,0
0,0,0,0
0,0,0,0
0,0,0,0
0,0,0,0
0,0,0,0
0,0,0,0
0,0,0,0
0,0,0,0
0,0,0,0
0,0,0,0
0,0,0,0
55.80769475235492,47.21330976049226,7.55412956167876,0.5309153788091364
55.63581793968556,47.06790197697398,8.472222355855315,0.5289375336716802
50.78275917758949,42.96221426424071,8.592442852848139,0.4824496643161316
50.97016541954534,43.12075994493536,9.486567187885775,0.48384332663944474
51.092826861955984,43.224531525214765,10.37388756605154,0.4845838230440923
51.168674914550856,43.28869897771002,11.255061734204602,0.4848426027133072
45.78106481068047,38.73078082983567,10.844618632353987,0.43334876767536334
46.275236005996014,39.148849661072624,11.744654898321786,0.4375452173014715
46.728885873841726,39.5326374492701,12.65044398376643,0.44131633683489646
47.1390449701231,39.87963204472414,13.559074895206205,0.44463475702873806
40.42448342252816,34.199112975458824,12.311680671165176,0.38079659044032055
40.9790445832236,34.668271717407166,13.173943252614718,0.3854822322085725
41.51248227219483,35.11956000227683,14.047824000910728,0.3899270456556947
42.0225422420218,35.55107073675044,14.931449709435181,0.39410994590470283
42.022542242021814,35.551070736750454,14.931449709435187,0.3941099459047029
20.05840541879051,16.969410984296772,6.882038899187022,0.8954856020680095
20.143260729985105,17.0411985775674,6.958489419173352,0.8983656679838261
20.228277338768283,17.113122628597967,7.035394858423606,0.9012409021878607
20.31345633075075,17.185184055815135,7.112756734212372,0.904111308365215
20.398798793613082,17.257383779396665,7.190576574748608,0.9069768904771164
20.484305817060452,17.329722721233143,7.268855919183897,0.9098376527572277
20.56997849277766,17.402201804889902,7.347596317620175,0.9126935997079639
20.655817914384727,17.474821955569478,7.4267993311170235,0.9155447360968311
20.741825177392677,17.547584100074204,7.506466531698404,0.9183910669527667
20.82800137915985,17.620489166769232,7.586599502358969,0.9212325975625021
20.88748852872309,17.670815295299732,7.6573532946298775,0.9228826045303156
20.98507501478723,17.753373462509998,7.7424434267057425,0.9262043684451977
21.083456715851373,17.83660438161026,7.828287478595606,0.9295477723370823
21.18262942342741,17.92050449221959,7.914889484063644,0.9329124929700598
21.39171358353325,18.09738969166913,8.043284307408493,0.9410989966088532
21.501448331204692,18.19022528819917,8.135072976111285,0.9448953371433123
21.593768280923083,18.268327965660927,8.220747584547407,0.9479125055528078
21.68628070392347,18.346593475519253,8.306929823637875,0.9509250631407797
21.77898675163052,18.425022791879417,8.39362149407839,0.9539330143702656
21.87188757726958,18.503616890370065,8.480824408086269,0.9569363639503196
21.96498433581707,18.582376748101243,8.568540389402227,0.9599351168321663
22.05827818395108,18.661303343622613,8.65677127329159,0.9629292782053677
22.15177028000201,18.7403976568817,8.745518906544781,0.9659188534939904
22.24546178390389,18.819660669182692,8.834785147477417,0.9689038483528076
22.339353857145024,18.89909336314469,8.92457186592942,0.97188426866347
22.43344766271977,18.978696722660928,9.014880943263925,0.9748601205307336
22.52774436507963,19.058471732857367,9.105714272365171,0.9778314102786562
22.622245130085165,19.13841938005205,9.197073757636106,0.980798144446838
22.716951124957337,19.218540651713905,9.288961314995037,0.983760329786639
22.811863518229497,19.298836536422154,9.381378871871863,0.9867179732574286
22.90698347969926,19.379308023825573,9.474328367203595,0.9896710820228382
23.002312180380336,19.459956104601766,9.567811751429183,0.9926196634470148
23.097850792454526,19.54078177041653,9.661830986483709,0.9955637250908892
23.19360048922392,19.621786013883433,9.75638804579202,0.9985032747084603
23.289562445062536,19.702969828522907,9.851484914261432,1.0014383202430603
23.385737835368882,19.784334208722075,9.947123588274131,1.004368869823668
23.385737835368925,19.78433420872211,9.947123588274172,1.0043688698236697
0,0,0,0
0,0,0,0
0,0,0,0
0,0,0,0
0,0,0,0
0,0,0,0
0,0,0,0
0,0,0,0
0,0,0,0
0,0,0,0
0,0,0,0
0,0,0,0
0,0,0,0
0,0,0,0
0,0,0,0
0,0,0,0
0,0,0,0
0,0,0,0
0,0,0,0
0,0,0,0
0,0,0,0
0,0,0,0
0,0,0,0
0,0,0,0
0,0,0,0
0,0,0,0
0,0,0,0
0,0,0,0
0,0,0,0
0,0,0,0
0,0,0,0
0,0,0,0
0,0,0,0
0,0,0,0
0,0,0,0
0,0,0,0
0,0,0,0
0,0,0,0
0,0,0,0
0,0,0,0
35.51330855839778,30.044259040404523,4.25426708012128,0.590601914785931
35.46984873707953,30.00749203156928,4.573141785611157,0.5895673309669356
35.51996955501549,30.049894243543108,4.9041427405462334,0.5900655780466871
35.621342868871594,30.135656067065366,5.243604155669372,0.591391252969901
35.262756718531044,29.83229218387726,5.5130075955805165,0.5850609417772344
35.375840537506974,29.9279610947309,5.853909190129362,0.5865367159103758
35.48493359165551,30.020253818540564,6.19618038814677,0.5879215940462045
35.59022091116188,30.109326890842947,6.539745800691086,0.5892186750811088
35.69184331907833,30.19529944794027,6.8845282741303775,0.5904303378225387
35.78989683961446,30.27825272631383,7.230446751043739,0.5915582330171026
34.29309924093106,29.01196195782768,7.241385704673785,0.5663236605922347
34.50904691554264,29.194653690549075,7.602287821018977,0.569371121995064
34.723074235431504,29.375720803175053,7.96669548182107,0.5723593395146226
34.935283615079314,29.555249938357097,8.334580482616698,0.5752898230108838
35.1457646553933,29.733316898462732,8.705915187869884,0.5781638790403837
35.35459371994233,29.90998628707121,9.080671836754817,0.5809826043904603
35.56183341123374,30.085311065903745,9.458821799120136,0.5837468781322038
35.767531931137626,30.25933201374243,9.840334770869038,0.5864573519484874
34.401389461871425,29.103575484743224,9.778801362873725,0.5633968555063914
34.73108281341732,29.382496060151055,10.189849633660385,0.5681090768382593
35.05957780797547,29.660402825547248,10.606560050415696,0.5727684818779564
35.386920663382355,29.93733488122147,11.028914170241991,0.5773754888065129
35.713151809252025,30.213326430627212,11.456893382493842,0.5819304313496134
36.0383052233666,30.48840621896814,11.89047842539758,0.5864335483917749
36.36240773311325,30.76259694221381,12.329648854439299,0.590884973157259
36.685478273418006,31.035914619311633,12.774382457308674,0.595284721831581
37.007527092264404,31.308367920055684,13.224654609431528,0.5996326814935399
37.32855489438943,31.579957440653455,13.680437563291083,0.6039285972218266
37.64855191311436,31.850674918494747,14.141699663811675,0.6081720582324117
34.10994938670656,28.85701718115375,13.124171413988732,0.5501456509786372
34.467816031499304,29.15977236264841,13.576790012049107,0.5550262517439352
34.823209263904076,29.460435037262847,14.034951251752029,0.559830432481911
35.17595304428598,29.75885627546594,14.498514777407017,0.5645552023109927
35.525863605290006,30.054880610075344,14.967330543817534,0.5691974841296116
35.87274864276636,30.348345351780342,15.441238114985849,0.5737541035444467
36.21640648088391,30.639079882827787,15.920065907117332,0.5782217775527968
36.55662520728958,30.926904925366983,16.40363037241466,0.5825971029248497
33.40708239015667,28.262391702072538,15.295606389161671,0.5314215831543334
33.75929553272063,28.56036402068165,15.765320939416286,0.5360160533727845
34.11056508476264,28.857538061709192,16.241022421129948,0.5405583315672445
34.46077600309453,29.15381649861797,16.722629143607286,0.5450463932122667
34.80980848184518,29.44909797564102,17.210052856964626,0.5494781661658367
35.15753749823648,29.74327672350806,17.70319830583201,0.5538515247376026
35.503832345470244,30.036242164267826,18.20196275154632,0.5581642836534142
35.8485561510166,30.327878503760044,18.706235461119213,0.5624141918954271
36.1915653785464,30.618064310250254,19.215897161113077,0.5665989263967302
36.53270931169485,30.906672077693845,19.73081945439977,0.5707160855690767
36.87182951777913,31.193567772041146,20.250864197609133,0.5747631826418147
37.2087592895177,31.478610358931974,20.775882836895125,0.5787376387895056
37.54332306271591,31.761651311057662,21.30571569945748,0.5826367760250158
0,0,0,0
0,0,0,0
0,0,0,0
0,0,0,0
0,0,0,0
0,0,0,0
0,0,0,0
0,0,0,0
0,0,0,0
0,0,0,0
0,0,0,0
23.175412838864204,19.606399261679115,8.195474891381869,0.8139992839663657
23.310266063258656,19.72048508951682,8.322044707776097,0.8177691286366878
23.445222389557866,19.834658141565953,8.449564368307094,0.8215244679079241
23.58028027834712,19.948917115481663,8.578034359657115,0.8252651732691735
23.715438177547785,20.063260698205426,8.707455143021152,0.8289911173639853
22.740802545881508,19.238718953815756,8.426558901771298,0.7939523815799058
22.75960861061585,19.25462888458101,8.510545966984804,0.7936320438224407
23.073570422548165,19.520240577475747,8.706027297554181,0.8035830236612337
23.20601761546345,19.632290902682076,8.83453090620693,0.8071865900642358
23.33714658110136,19.74322600761175,8.963424607455732,0.8107263455778286
23.468320973853352,19.854199543879936,9.093223391097006,0.8142497256081247
23.599538044923104,19.965209186004945,9.223926643934282,0.8177565797092793
23.730795022770312,20.076252589263685,9.355533706596873,0.821246758512504
23.862089111889926,20.187327388658876,9.488043872669667,0.8247201136935641
23.993417491594244,20.29843119788873,9.621456387799252,0.8281764979404456
24.12477731479805,20.409561608319148,9.755770448776548,0.8316157649212113
24.25616570680537,20.52071618795734,9.890985202595433,0.8350377692519999
24.387579764098277,20.63189248042714,10.027099745487584,0.8384423664651907
24.519016553127376,20.743088003945758,10.164113121933417,0.8418294129777227
24.650473109102933,20.85430025030108,10.302024323648727,0.8451987660595458
24.781946434786715,20.96552668382956,10.440832288547114,0.8485502838022055
24.91343349928453,21.07676474039471,10.58053589967814,0.8518838250875714
25.04493123683824,21.188011826365152,10.72113398414076,0.8551992495566687
25.176436545617385,21.299265317592308,10.86262531197207,0.8584964175786302
25.307946286510425,21.410522558387818,11.00500859501133,0.8617751902197684
25.43945728191422,21.52178086049943,11.148282485738696,0.8650354292127316
25.570966314522444,21.633037502085987,11.292445576088877,0.8682769969257692
24.483696870677136,20.713207552592856,10.895147172663833,0.8301745222233042
24.60775440233787,20.818160224377838,11.033624918920246,0.8331857034964683
24.731727369694408,20.92304135476147,11.172904083442615,0.8361763492652008
24.73172736969445,20.923041354761505,11.172904083442642,0.8361763492652021
0,0,0,0
0,0,0,0
0,0,0,0
0,0,0,0
0,0,0,0
0,0,0,0
0,0,0,0
0,0,0,0
0,0,0,0
0,0,0,0
0,0,0,0
0,0,0,0
0,0,0,0
0,0,0,0
0,0,0,0
42.8788095766892,36.27547290187906,7.527160627139904,0.43230595826626367
43.466068965724254,36.77229434500272,8.319731595556863,0.4378671166144279
44.02569936607669,37.245741663700876,9.125206707606713,0.4431096441589001
36.79292707843411,31.126816308355256,8.209697801328698,0.3699575029977478
37.375290182131934,31.619495494083615,8.93250747707862,0.3754259694283553
37.94766156805889,32.10372168657782,9.671246158081566,0.38075600822925904
38.50898018626311,32.57859723757859,10.425151116025146,0.385936313246241
39.058162809449655,33.043205736794405,11.193385943339104,0.3909554708936437
32.29557783587706,27.322058849151993,9.767636038571839,0.32284234240665255
32.8581875522045,27.798026669165004,10.459007534273331,0.32801461085453165
33.413965352697204,28.268214688381835,11.165944801910825,0.33308117569460133
33.9607813124975,28.730820990372887,11.887377184766782,0.33802022895377093
34.49650067811361,29.184039573684114,12.622097115618383,0.34281009683344066
35.018960976130664,29.62604098580654,13.368750994845202,0.3474290267340978
25.455460187583,21.53531931869522,10.121600079786754,0.2521151598515586
25.736546550829374,21.77311838200165,10.641611609203306,0.254445326795983
22.920256379020962,19.390536896651735,9.2589813681512,0.8249497051521373
23.181783930881423,19.61178920552568,9.438173555159233,0.8332825989217008
23.329812749319604,19.737021585924385,9.572455469173324,0.837510974392323
23.448979561194523,19.837836708770567,9.695742691411612,0.8406850936442699
23.568134489242677,19.938641777899303,9.819781075615404,0.8438419625980367
23.68727459031537,20.0394343034068,9.944569273065621,0.8469814488203128
23.806396892677643,20.140211771205287,10.070105885602638,0.85010342060603
23.925498395109994,20.240971642263055,10.19638946479001,0.8532077469547358
24.044576066009984,20.341711351844445,10.323418511061051,0.856294297547048
24.16362684249396,20.44242830874989,10.451191472848377,0.8593629427211984
24.282647629497703,20.543119894555055,10.579706745695848,0.8624135534496273
24.4016352988768,20.643783462849772,10.708962671353314,0.8654460013156668
24.52058668850569,20.744416338475816,10.838957536853606,0.8684601584902722
24.639498601375994,20.84501581676409,10.969689573572095,0.8714558977088328
24.75836780469315,20.945579162770404,11.101156956268307,0.8744330922480313
24.87719102897161,21.04610361050998,11.233357802109694,0.877391615902762
24.99596496712829,21.146586362190533,11.366290169677402,0.8803313429631042
25.114686273574137,21.24702458744372,11.499952057953903,0.8832521481913491
25.23335156330334,21.347415422554626,11.63434140529226,0.8861539067990678
25.351957410980333,21.44775596968936,11.769456088367026,0.8890364944242314
25.47050035002406,21.548043296120355,11.905293921106484,0.8918997871083642
25.588976871689837,21.6482744334496,12.04185265360633,0.8947436612737543
25.707383424147817,21.748446376829055,12.179129971024256,0.8975679937006819
25.82571641155847,21.848556084178465,12.317123492455597,0.9003726615046914
25.943972193144855,21.948600475400546,12.455830769789799,0.903157542113899
26.06214708226105,22.048576431592846,12.5952492865474,0.9059225132463204
26.180237345457233,22.14848079425682,12.735376456697656,0.9086674528872424
26.29823920154016,22.248310364502974,12.87620962345608,0.91139223926659
26.416148820630394,22.348061902253313,13.01774605806254,0.9140967508363549
26.533962323214396,22.44773212543938,13.159982958538823,0.9167808662480098
26.651675779192516,22.547317709196868,13.302917448426138,0.9194444643299587
26.769285206922163,22.64681528505615,13.446546575502076,0.922087424064999
26.886786572256185,22.746221440128732,13.590867310476908,0.9247096245678
27.004175787575708,22.84553271628905,13.735876545668782,0.9273109450623784
27.12144871081838,22.94474560935235,13.881571093658165,0.9298912648596079
27.238601144500485,23.04385656824741,14.027947685920603,0.9324504633347117
27.35562883473367,23.14286199418468,14.175002971438111,0.9349884199047732
27.47252747023575,23.241758239819443,14.322733515288725,0.9375050140062438
27.58929268133556,23.340541608409882,14.471135797214124,0.9400001250724592
27.70592003897114,23.439208352969583,14.620206210164772,0.9424736325111375
27.82240505368208,23.537754675415037,14.769941058822932,0.9449254156818976
27.938743174594602,23.63617672570703,14.920336558102564,0.9473553538737489
28.05492978840037,23.73447060098671,15.071388831626562,0.9497633262825939
28.170960218327572,23.832632344705125,15.2230939101804,0.9521492119886988
28.286829723105676,23.930657945747402,15.375447730142707,0.9545128899341822
28.402533495921695,24.028543337549753,15.528446131891531,0.9568542389004552
28.518066663369968,24.12628439721099,15.682084858187148,0.9591731374856846
28.633424284392913,24.2238769445964,15.836359552529903,0.961469464082197
28.748601349215054,24.321316741435936,15.991265757494132,0.9637430968539098
28.863592778267613,24.4185994904144,16.146798913036527,0.9659939137136972
28.97839342110567,24.515720834255397,16.302954354779846,0.9682217923007675
29.092998055316055,24.612676354797383,16.45972731227076,0.9704266099579942
29.207401385416844,24.70946157206265,16.617112907212142,0.9726082437092327
29.321598041747475,24.80607194331836,16.775106151669057,0.9747665702365971
29.4355825793501,24.902502862130184,16.93370194624854,0.9769014658577195
29.549349476841304,24.998749657407743,17.092895078252557,0.9790128065029738
29.662893135273904,25.09480759244172,17.252680219803697,0.9811004676926504
29.776207876989584,25.190671863933186,17.413051925943833,0.9831643245141178
29.889287944461024,25.286337601014026,17.574004632704764,0.985204251598933
30.002127499123908,25.381799864258827,17.735532655150873,0.9872201230999124
30.114720620198508,25.47705364468794,17.897630185393293,0.9892118126681619
30.22706130350077,25.572093862761648,18.060291290575435,0.9911791934300707
30.339143460242305,25.66691536736499,18.223509910829165,0.9931221379642479
30.4509609158196,25.76151293478338,18.387279857201662,0.9950405182784239
30.562507408591483,25.855881267668394,18.551594809552096,0.9969342057862868
30.673776588645783,25.95001499399433,18.716448314418436,0.9988030712842891
30.784762016553724,26.04390866600445,18.881833782853253,1.0006469849283837
30.895457162112518,26.137556759147188,19.047744488228542,1.002465816210708
31.00585540307607,26.230953671002354,19.21417356400925,1.0042594339362216
31.115950023873,26.324093720196558,19.381114001494744,1.0060277061992726
31.225734214312318,26.41697114530822,19.54855864752811,1.0077705003601096
31.3352010682762,26.509580103761664,19.71650020217277,1.0094876830213328
31.44434358239971,26.601914670710155,19.884931216355874,1.0111791200042732
31.553154654737305,26.69396883790776,20.053844089478236,1.0128446763253116
31.661627083415883,26.785736512569837,20.223231066990262,1.0144842161721273
31.76975356527419,26.877211516221962,20.39308423793345,1.016097602879878
31.877526694487873,26.96838758353674,20.5633955324468,1.0176846989072963
31.984938961181108,27.059258361159216,20.73415671923829,1.0192453658127334
32.09198275002301,27.149817406519464,20.905359403020025,1.0207794642301007
32.1986503388098,27.24005818663309,21.076995021907354,1.0222868538447483
0,0,0,0
0,0,0,0
0,0,0,0
0,0,0,0
0,0,0,0
0,0,0,0
0,0,0,0
0,0,0,0
0,0,0,0
0,0,0,0
0,0,0,0
0,0,0,0
0,0,0,0
0,0,0,0
0,0,0,0
0,0,0,0
0,0,0,0
0,0,0,0
0,0,0,0
0,0,0,0
0,0,0,0
0,0,0,0
0,0,0,0
0,0,0,0
0,0,0,0
0,0,0,0
0,0,0,0
0,0,0,0
0,0,0,0
0,0,0,0
0,0,0,0
0,0,0,0
0,0,0,0
0,0,0,0
0,0,0,0
0,0,0,0
0,0,0,0
0,0,0,0
0,0,0,0
0,0,0,0
0,0,0,0
0,0,0,0
0,0,0,0
0,0,0,0
0,0,0,0
0,0,0,0
0,0,0,0
0,0,0,0
0,0,0,0
0,0,0,0
0,0,0,0
0,0,0,0
0,0,0,0
0,0,0,0
0,0,0,0
0,0,0,0
0,0,0,0
0,0,0,0
0,0,0,0
0,0,0,0
0,0,0,0
0,0,0,0
0,0,0,0
0,0,0,0
0,0,0,0
0,0,0,0
0,0,0,0
0,0,0,0
0,0,0,0
0,0,0,0
0,0,0,0
0,0,0,0
0,0,0,0
0,0,0,0
0,0,0,0
0,0,0,0
0,0,0,0
0,0,0,0
0,0,0,0
0,0,0,0
0,0,0,0
0,0,0,0
0,0,0,0
0,0,0,0
0,0,0,0
0,0,0,0
0,0,0,0
0,0,0,0
0,0,0,0
0,0,0,0
0,0,0,0
20.748904270249866,17.553573012631386,7.776232844595703,0.31767868460544224
15.78539048498259,13.35444035029527,6.069593139209201,0.24130224981260753
15.84220705432402,13.40250716795812,6.245568340268483,0.24177889250752918
15.901256366503361,13.452462886061843,6.423551028094529,0.24227823528401565
15.96259494462706,13.504355323154492,6.603629753022546,0.24280096495154793
16.026280526535306,13.55823332544887,6.7858957793871575,0.243347776530856
16.092372043451075,13.614146748759609,6.9704431353649206,0.2439193725819144
16.16092960038691,13.672146441927326,7.157368662348954,0.2445164625608708
16.23201445821345,13.732284231648578,7.34677206393199,0.2451397622046529
9.783439446884941,8.27678977206466,4.523265610433337,0.14747438823638392
9.59868265690908,8.120485527745082,4.531230924481756,0.14441243752288305
9.400195548301857,7.952565433863371,4.52898601458519,0.1411503924206831
9.187349796469931,7.7724979278135615,4.515821296059679,0.13768039378531566
8.959518449682745,7.579752608431602,4.491003420495724,0.13399471412451727
8.716075892017201,7.373800204646552,4.453775323606516,0.1300857587987071
8.456397808835515,7.154112546274845,4.403356272232166,0.1259460671662026
8.179861154819484,6.9201625369772835,4.338941910684755,0.12156831367334918
7.885844124586398,6.671424129400092,4.259704306621957,0.11694530888982704
7.573726125913378,6.407372302522718,4.164791996639764,0.11207000048947624
7.2428877555990026,6.127483041236756,4.053330031778111,0.10693547417706693
7.242887755598998,6.1274830412367525,4.053330031778111,0.10693547417706686
0,0,0,0
0,0,0,0
0,0,0,0
0,0,0,0
0,0,0,0
0,0,0,0
0,0,0,0
0,0,0,0
0,0,0,0
0,0,0,0
0,0,0,0
0,0,0,0
0,0,0,0
0,0,0,0
0,0,0,0
0,0,0,0
0,0,0,0
0,0,0,0
0,0,0,0
0,0,0,0
0,0,0,0
0,0,0,0
0,0,0,0
0,0,0,0
0,0,0,0
0,0,0,0
0,0,0,0
0,0,0,0
0,0,0,0
0,0,0,0
0,0,0,0
0,0,0,0
0,0,0,0
0,0,0,0
0,0,0,0
0,0,0,0
0,0,0,0
0,0,0,0
0,0,0,0
0,0,0,0
0,0,0,0
0,0,0,0
0,0,0,0
0,0,0,0
0,0,0,0
0,0,0,0
0,0,0,0
0,0,0,0
0,0,0,0
0,0,0,0
0,0,0,0
0,0,0,0
0,0,0,0
0,0,0,0
0,0,0,0
0,0,0,0
0,0,0,0
0,0,0,0
0,0,0,0
0,0,0,0
0,0,0,0
0,0,0,0
0,0,0,0
0,0,0,0
0,0,0,0
0,0,0,0
0,0,0,0
0,0,0,0
0,0,0,0
0,0,0,0
0,0,0,0
35.082771525407814,29.68002471049501,8.221366844807118,0.4748339087708662
35.5450954811029,30.071150777013052,8.735669300722291,0.48059216341169303
36.00286590372852,30.458424554554327,9.259361064584514,0.48625300078793815
36.45584824564755,30.841647615817827,9.792223118022159,0.49181273719778656
36.90379833480048,31.2206133912412,10.334023032500836,0.4972676054186492
31.14745800437389,26.350749471700308,9.077833193000757,0.41918671526251633
31.588555623706668,26.72391805765584,9.56716266464079,0.42458027718028635
32.028831884819965,27.09639177455769,10.066309544248181,0.42992798753809847
32.46803367452061,27.467956488644436,10.575163248128106,0.43522585015424514
32.90591019142957,27.838400021949415,11.09360240874684,0.44046993590581535
33.342210554726506,28.207510129298623,11.621494173271033,0.44565635222579053
33.776681482369455,28.57507253408456,12.15869336325298,0.45078121375494995
34.20906501651248,28.94086900396956,12.705041492742637,0.4558406138703074
34.639096275051664,29.304675448693708,13.260365640533902,0.4608305968298694
31.081625771935588,26.295055403057507,12.253495817824797,0.41282071232662204
31.499098828353414,26.64823760878699,12.77782993341336,0.41765629983364766
31.91455100176501,26.999710147493197,13.310857102714145,0.42242835558256614
32.327621322283846,27.349167638652133,13.852353408977303,0.42713175079070936
32.73794289337762,27.696299687797467,14.402075837654683,0.43176133442158976
33.14514116896064,28.040789428940702,14.959761160339864,0.4363119131786348
0,0,0,0
0,0,0,0
0,0,0,0
0,0,0,0
0,0,0,0
0,0,0,0
0,0,0,0
0,0,0,0
0,0,0,0
0,0,0,0
0,0,0,0
0,0,0,0
0,0,0,0
0,0,0,0
0,0,0,0
0,0,0,0
0,0,0,0
0,0,0,0
0,0,0,0
0,0,0,0
0,0,0,0
0,0,0,0
0,0,0,0
0,0,0,0
0,0,0,0
0,0,0,0
0,0,0,0
0,0,0,0
0,0,0,0
0,0,0,0
0,0,0,0
